time,airspeed,gx,gy,gz,damage,crash_flag
31.066500462591648,0.018991183485522263,-0.05166258290410042,-0.20521576702594757,-10.093466758728027,0,False
31.20000046491623,0.01740435507637928,0.006989507004618645,0.1428288221359253,-9.66829776763916,0,False
31.33350046724081,0.015413738995821383,0.005422467365860939,-0.07421928644180298,-9.796364784240723,0,False
31.466500468552113,0.01106181024040279,-0.008611646480858326,0.01644514501094818,-9.832104682922363,0,False
31.600000470876694,0.010228087091187879,0.014987868256866932,0.04296697676181793,-9.75664234161377,0,False
31.733500473201275,0.007308123553175133,-0.004367120563983917,-0.07940486073493958,-9.853264808654785,0,False
31.866500474512577,0.006284689533350806,-0.0017253994010388851,0.08373910933732986,-9.78125,0,False
32.00000047683716,0.006038254162202848,0.0082004489377141,-0.0603673942387104,-9.818058013916016,0,False
32.13350047916174,0.004570260187855404,-0.009253320284187794,0.02329484187066555,-9.790505409240723,0,False
